{
  "hash": "3344f648",
  "configHash": "45ec173f",
  "lockfileHash": "05f04425",
  "browserHash": "0720325c",
  "optimized": {
    "@angular/common": {
      "src": "../../../../../../node_modules/@angular/common/fesm2022/common.mjs",
      "file": "@angular_common.js",
      "fileHash": "ecf8d5d6",
      "needsInterop": false
    },
    "@angular/core": {
      "src": "../../../../../../node_modules/@angular/core/fesm2022/core.mjs",
      "file": "@angular_core.js",
      "fileHash": "bff32e2a",
      "needsInterop": false
    },
    "@angular/forms": {
      "src": "../../../../../../node_modules/@angular/forms/fesm2022/forms.mjs",
      "file": "@angular_forms.js",
      "fileHash": "e79f0ae6",
      "needsInterop": false
    },
    "@angular/material/button": {
      "src": "../../../../../../node_modules/@angular/material/fesm2022/button.mjs",
      "file": "@angular_material_button.js",
      "fileHash": "b3cd4b1b",
      "needsInterop": false
    },
    "@angular/material/checkbox": {
      "src": "../../../../../../node_modules/@angular/material/fesm2022/checkbox.mjs",
      "file": "@angular_material_checkbox.js",
      "fileHash": "7300ab52",
      "needsInterop": false
    },
    "@angular/material/dialog": {
      "src": "../../../../../../node_modules/@angular/material/fesm2022/dialog.mjs",
      "file": "@angular_material_dialog.js",
      "fileHash": "c6a057cc",
      "needsInterop": false
    },
    "@angular/material/form-field": {
      "src": "../../../../../../node_modules/@angular/material/fesm2022/form-field.mjs",
      "file": "@angular_material_form-field.js",
      "fileHash": "bd573d13",
      "needsInterop": false
    },
    "@angular/material/input": {
      "src": "../../../../../../node_modules/@angular/material/fesm2022/input.mjs",
      "file": "@angular_material_input.js",
      "fileHash": "2a3730c1",
      "needsInterop": false
    },
    "@angular/material/menu": {
      "src": "../../../../../../node_modules/@angular/material/fesm2022/menu.mjs",
      "file": "@angular_material_menu.js",
      "fileHash": "b90d204b",
      "needsInterop": false
    },
    "@angular/material/radio": {
      "src": "../../../../../../node_modules/@angular/material/fesm2022/radio.mjs",
      "file": "@angular_material_radio.js",
      "fileHash": "3c3bd6e6",
      "needsInterop": false
    },
    "@angular/material/select": {
      "src": "../../../../../../node_modules/@angular/material/fesm2022/select.mjs",
      "file": "@angular_material_select.js",
      "fileHash": "824a3b6e",
      "needsInterop": false
    },
    "@angular/material/snack-bar": {
      "src": "../../../../../../node_modules/@angular/material/fesm2022/snack-bar.mjs",
      "file": "@angular_material_snack-bar.js",
      "fileHash": "1d138617",
      "needsInterop": false
    },
    "@angular/platform-browser": {
      "src": "../../../../../../node_modules/@angular/platform-browser/fesm2022/platform-browser.mjs",
      "file": "@angular_platform-browser.js",
      "fileHash": "aeed8c89",
      "needsInterop": false
    },
    "@angular/platform-browser/animations": {
      "src": "../../../../../../node_modules/@angular/platform-browser/fesm2022/animations.mjs",
      "file": "@angular_platform-browser_animations.js",
      "fileHash": "bef0b437",
      "needsInterop": false
    },
    "@angular/router": {
      "src": "../../../../../../node_modules/@angular/router/fesm2022/router.mjs",
      "file": "@angular_router.js",
      "fileHash": "08abe2fa",
      "needsInterop": false
    },
    "devextreme-angular": {
      "src": "../../../../../../node_modules/devextreme-angular/fesm2022/devextreme-angular.mjs",
      "file": "devextreme-angular.js",
      "fileHash": "1c0d2b3d",
      "needsInterop": false
    },
    "devextreme-angular/ui/data-grid": {
      "src": "../../../../../../node_modules/devextreme-angular/fesm2022/devextreme-angular-ui-data-grid.mjs",
      "file": "devextreme-angular_ui_data-grid.js",
      "fileHash": "1a563cfc",
      "needsInterop": false
    },
    "devextreme-angular/ui/nested": {
      "src": "../../../../../../node_modules/devextreme-angular/fesm2022/devextreme-angular-ui-nested.mjs",
      "file": "devextreme-angular_ui_nested.js",
      "fileHash": "d7054e31",
      "needsInterop": false
    },
    "devextreme-aspnet-data-nojquery": {
      "src": "../../../../../../node_modules/devextreme-aspnet-data-nojquery/index.js",
      "file": "devextreme-aspnet-data-nojquery.js",
      "fileHash": "0c4b6721",
      "needsInterop": true
    },
    "devextreme/core/config": {
      "src": "../../../../../../node_modules/devextreme/esm/core/config.js",
      "file": "devextreme_core_config.js",
      "fileHash": "7a328be7",
      "needsInterop": false
    },
    "devextreme/data/odata/store": {
      "src": "../../../../../../node_modules/devextreme/esm/data/odata/store.js",
      "file": "devextreme_data_odata_store.js",
      "fileHash": "26e84f51",
      "needsInterop": false
    },
    "rxjs": {
      "src": "../../../../../../node_modules/rxjs/dist/esm5/index.js",
      "file": "rxjs.js",
      "fileHash": "280d4143",
      "needsInterop": false
    }
  },
  "chunks": {
    "chunk-O3U5QLHW": {
      "file": "chunk-O3U5QLHW.js"
    },
    "chunk-XAE2T6JP": {
      "file": "chunk-XAE2T6JP.js"
    },
    "chunk-VVVI3OU6": {
      "file": "chunk-VVVI3OU6.js"
    },
    "chunk-KKWCXJXC": {
      "file": "chunk-KKWCXJXC.js"
    },
    "chunk-H6LXBMNC": {
      "file": "chunk-H6LXBMNC.js"
    },
    "chunk-3N2Q5ACA": {
      "file": "chunk-3N2Q5ACA.js"
    },
    "chunk-TEJ7FDOJ": {
      "file": "chunk-TEJ7FDOJ.js"
    },
    "chunk-ND5ICVCX": {
      "file": "chunk-ND5ICVCX.js"
    },
    "chunk-YOWZETYY": {
      "file": "chunk-YOWZETYY.js"
    },
    "chunk-MLW6NVFS": {
      "file": "chunk-MLW6NVFS.js"
    },
    "chunk-6M2RG3LR": {
      "file": "chunk-6M2RG3LR.js"
    },
    "chunk-7AS4R7WV": {
      "file": "chunk-7AS4R7WV.js"
    },
    "chunk-N27JN2JL": {
      "file": "chunk-N27JN2JL.js"
    },
    "chunk-HQVWLCOE": {
      "file": "chunk-HQVWLCOE.js"
    },
    "chunk-4ES6BYTB": {
      "file": "chunk-4ES6BYTB.js"
    },
    "chunk-BULAZH4H": {
      "file": "chunk-BULAZH4H.js"
    },
    "chunk-WBCLGCHV": {
      "file": "chunk-WBCLGCHV.js"
    },
    "chunk-EBLT4CH3": {
      "file": "chunk-EBLT4CH3.js"
    },
    "chunk-74ZAWBSC": {
      "file": "chunk-74ZAWBSC.js"
    },
    "chunk-WOR4A3D2": {
      "file": "chunk-WOR4A3D2.js"
    }
  }
}